[{"model": "auth.permission", "pk": 1, "fields": {"name": "Can add permission", "content_type": 1, "codename": "add_permission"}}, {"model": "auth.permission", "pk": 2, "fields": {"name": "Can change permission", "content_type": 1, "codename": "change_permission"}}, {"model": "auth.permission", "pk": 3, "fields": {"name": "Can delete permission", "content_type": 1, "codename": "delete_permission"}}, {"model": "auth.permission", "pk": 4, "fields": {"name": "Can view permission", "content_type": 1, "codename": "view_permission"}}, {"model": "auth.permission", "pk": 5, "fields": {"name": "Can add group", "content_type": 2, "codename": "add_group"}}, {"model": "auth.permission", "pk": 6, "fields": {"name": "Can change group", "content_type": 2, "codename": "change_group"}}, {"model": "auth.permission", "pk": 7, "fields": {"name": "Can delete group", "content_type": 2, "codename": "delete_group"}}, {"model": "auth.permission", "pk": 8, "fields": {"name": "Can view group", "content_type": 2, "codename": "view_group"}}, {"model": "auth.permission", "pk": 9, "fields": {"name": "Can add content type", "content_type": 3, "codename": "add_contenttype"}}, {"model": "auth.permission", "pk": 10, "fields": {"name": "Can change content type", "content_type": 3, "codename": "change_contenttype"}}, {"model": "auth.permission", "pk": 11, "fields": {"name": "Can delete content type", "content_type": 3, "codename": "delete_contenttype"}}, {"model": "auth.permission", "pk": 12, "fields": {"name": "Can view content type", "content_type": 3, "codename": "view_contenttype"}}, {"model": "auth.permission", "pk": 13, "fields": {"name": "Can add session", "content_type": 4, "codename": "add_session"}}, {"model": "auth.permission", "pk": 14, "fields": {"name": "Can change session", "content_type": 4, "codename": "change_session"}}, {"model": "auth.permission", "pk": 15, "fields": {"name": "Can delete session", "content_type": 4, "codename": "delete_session"}}, {"model": "auth.permission", "pk": 16, "fields": {"name": "Can view session", "content_type": 4, "codename": "view_session"}}, {"model": "auth.permission", "pk": 17, "fields": {"name": "Can add users", "content_type": 5, "codename": "add_users"}}, {"model": "auth.permission", "pk": 18, "fields": {"name": "Can change users", "content_type": 5, "codename": "change_users"}}, {"model": "auth.permission", "pk": 19, "fields": {"name": "Can delete users", "content_type": 5, "codename": "delete_users"}}, {"model": "auth.permission", "pk": 20, "fields": {"name": "Can view users", "content_type": 5, "codename": "view_users"}}, {"model": "auth.permission", "pk": 21, "fields": {"name": "Can add users", "content_type": 6, "codename": "add_users"}}, {"model": "auth.permission", "pk": 22, "fields": {"name": "Can change users", "content_type": 6, "codename": "change_users"}}, {"model": "auth.permission", "pk": 23, "fields": {"name": "Can delete users", "content_type": 6, "codename": "delete_users"}}, {"model": "auth.permission", "pk": 24, "fields": {"name": "Can view users", "content_type": 6, "codename": "view_users"}}, {"model": "auth.permission", "pk": 25, "fields": {"name": "Can add user", "content_type": 7, "codename": "add_user"}}, {"model": "auth.permission", "pk": 26, "fields": {"name": "Can change user", "content_type": 7, "codename": "change_user"}}, {"model": "auth.permission", "pk": 27, "fields": {"name": "Can delete user", "content_type": 7, "codename": "delete_user"}}, {"model": "auth.permission", "pk": 28, "fields": {"name": "Can view user", "content_type": 7, "codename": "view_user"}}, {"model": "auth.permission", "pk": 29, "fields": {"name": "Can add user picture", "content_type": 8, "codename": "add_userpicture"}}, {"model": "auth.permission", "pk": 30, "fields": {"name": "Can change user picture", "content_type": 8, "codename": "change_userpicture"}}, {"model": "auth.permission", "pk": 31, "fields": {"name": "Can delete user picture", "content_type": 8, "codename": "delete_userpicture"}}, {"model": "auth.permission", "pk": 32, "fields": {"name": "Can view user picture", "content_type": 8, "codename": "view_userpicture"}}, {"model": "auth.permission", "pk": 33, "fields": {"name": "Can add customer_picture", "content_type": 9, "codename": "add_customer_picture"}}, {"model": "auth.permission", "pk": 34, "fields": {"name": "Can change customer_picture", "content_type": 9, "codename": "change_customer_picture"}}, {"model": "auth.permission", "pk": 35, "fields": {"name": "Can delete customer_picture", "content_type": 9, "codename": "delete_customer_picture"}}, {"model": "auth.permission", "pk": 36, "fields": {"name": "Can view customer_picture", "content_type": 9, "codename": "view_customer_picture"}}, {"model": "auth.permission", "pk": 37, "fields": {"name": "Can add news", "content_type": 10, "codename": "add_news"}}, {"model": "auth.permission", "pk": 38, "fields": {"name": "Can change news", "content_type": 10, "codename": "change_news"}}, {"model": "auth.permission", "pk": 39, "fields": {"name": "Can delete news", "content_type": 10, "codename": "delete_news"}}, {"model": "auth.permission", "pk": 40, "fields": {"name": "Can view news", "content_type": 10, "codename": "view_news"}}, {"model": "auth.permission", "pk": 41, "fields": {"name": "Can add new picture", "content_type": 11, "codename": "add_newpicture"}}, {"model": "auth.permission", "pk": 42, "fields": {"name": "Can change new picture", "content_type": 11, "codename": "change_newpicture"}}, {"model": "auth.permission", "pk": 43, "fields": {"name": "Can delete new picture", "content_type": 11, "codename": "delete_newpicture"}}, {"model": "auth.permission", "pk": 44, "fields": {"name": "Can view new picture", "content_type": 11, "codename": "view_newpicture"}}, {"model": "auth.permission", "pk": 45, "fields": {"name": "Can add publication", "content_type": 12, "codename": "add_publication"}}, {"model": "auth.permission", "pk": 46, "fields": {"name": "Can change publication", "content_type": 12, "codename": "change_publication"}}, {"model": "auth.permission", "pk": 47, "fields": {"name": "Can delete publication", "content_type": 12, "codename": "delete_publication"}}, {"model": "auth.permission", "pk": 48, "fields": {"name": "Can view publication", "content_type": 12, "codename": "view_publication"}}, {"model": "auth.permission", "pk": 49, "fields": {"name": "Can add research", "content_type": 13, "codename": "add_research"}}, {"model": "auth.permission", "pk": 50, "fields": {"name": "Can change research", "content_type": 13, "codename": "change_research"}}, {"model": "auth.permission", "pk": 51, "fields": {"name": "Can delete research", "content_type": 13, "codename": "delete_research"}}, {"model": "auth.permission", "pk": 52, "fields": {"name": "Can view research", "content_type": 13, "codename": "view_research"}}, {"model": "auth.permission", "pk": 53, "fields": {"name": "Can add research_picture", "content_type": 14, "codename": "add_research_picture"}}, {"model": "auth.permission", "pk": 54, "fields": {"name": "Can change research_picture", "content_type": 14, "codename": "change_research_picture"}}, {"model": "auth.permission", "pk": 55, "fields": {"name": "Can delete research_picture", "content_type": 14, "codename": "delete_research_picture"}}, {"model": "auth.permission", "pk": 56, "fields": {"name": "Can view research_picture", "content_type": 14, "codename": "view_research_picture"}}, {"model": "contenttypes.contenttype", "pk": 1, "fields": {"app_label": "auth", "model": "permission"}}, {"model": "contenttypes.contenttype", "pk": 2, "fields": {"app_label": "auth", "model": "group"}}, {"model": "contenttypes.contenttype", "pk": 3, "fields": {"app_label": "contenttypes", "model": "contenttype"}}, {"model": "contenttypes.contenttype", "pk": 4, "fields": {"app_label": "sessions", "model": "session"}}, {"model": "contenttypes.contenttype", "pk": 5, "fields": {"app_label": "lab_api", "model": "users"}}, {"model": "contenttypes.contenttype", "pk": 6, "fields": {"app_label": "lab_admin", "model": "users"}}, {"model": "contenttypes.contenttype", "pk": 7, "fields": {"app_label": "users", "model": "user"}}, {"model": "contenttypes.contenttype", "pk": 8, "fields": {"app_label": "users", "model": "userpicture"}}, {"model": "contenttypes.contenttype", "pk": 9, "fields": {"app_label": "picture", "model": "customer_picture"}}, {"model": "contenttypes.contenttype", "pk": 10, "fields": {"app_label": "news", "model": "news"}}, {"model": "contenttypes.contenttype", "pk": 11, "fields": {"app_label": "news", "model": "newpicture"}}, {"model": "contenttypes.contenttype", "pk": 12, "fields": {"app_label": "publication", "model": "publication"}}, {"model": "contenttypes.contenttype", "pk": 13, "fields": {"app_label": "research", "model": "research"}}, {"model": "contenttypes.contenttype", "pk": 14, "fields": {"app_label": "research", "model": "research_picture"}}, {"model": "sessions.session", "pk": "882f2rj6fuw1tt2mygurojt73pbffwak", "fields": {"session_data": ".eJxVjMsKgzAURP8l6xLyqNq4LEgR-kLpOtzEe6utKBhdlf57tbhol3POzLyYhWms7RRwsE3FUibZ5pc58E_sFlE9oLv33PfdODSOLxW-2sBPfYXtfu3-HdQQ6nntFSReeVmR0BriaCccSaeUSBSQiVHOkARpRNIRGaPICA1owG2BEtLzaV7a4-WQn1k6DhN-c3m7ZsWtzAqWErQB3x_jYkPh:1o3dbu:dQl9IAqvamxu87JFMsO01ZN-PvrXOcQQBnslrjtvzKA", "expire_date": "2022-07-05T13:08:02.496Z"}}, {"model": "sessions.session", "pk": "isgrmbth9qo1x9e8tf38r4rxspv9qpd7", "fields": {"session_data": ".eJxVjMsKgzAURP8l6xLyqNq4LEgR-kLpOtzEe6utKBhdlf57tbhol3POzLyYhWms7RRwsE3FUibZ5pc58E_sFlE9oLv33PfdODSOLxW-2sBPfYXtfu3-HdQQ6nntFSReeVmR0BriaCccSaeUSBSQiVHOkARpRNIRGaPICA1owG2BEtLzaV7a4-WQn1k6DhN-c3m7ZsWtzAqWErQB3x_jYkPh:1o4DVv:1OiJoKhbodePio792ufh0XakdaA7o70Xs6vHaHWa28c", "expire_date": "2022-07-07T03:28:15.594Z"}}, {"model": "sessions.session", "pk": "m7e522c26cb8ee2hdz8gsz0pzerg324y", "fields": {"session_data": ".eJxVjEsLgkAUhf_LrEPmkdq4jCSEXiiuhzsz96YVCj5W0X9Pw6B253zn8WQGxqEyY4-dqT1LmGCrX2bB3bGZA3-D5toGrm2GrrbBXAmWtA-OrcfHdun-HVTQV9PaSYiddMITVwqicMMtCSsljyWQjlBMkDgpRFIhaS1JcwWowa6BYlLTaVaYw3mfnVgydCN-fFFe0rws0vzLZm2yHUvE6w3cbEac:1o93W7:S8SzBiXzAHRQPyAbVKXc530_AlXbRqwHEg44LxMD83Y", "expire_date": "2022-07-20T11:48:27.111Z"}}, {"model": "sessions.session", "pk": "om5p63tium4def9tsi4spvbbmvhoz0a8", "fields": {"session_data": ".eJxVjEsLgkAUhf_LrEPmkdq4jCSEXiiuhzsz96YVCj5W0X9Pw6B253zn8WQGxqEyY4-dqT1LmGCrX2bB3bGZA3-D5toGrm2GrrbBXAmWtA-OrcfHdun-HVTQV9PaSYiddMITVwqicMMtCSsljyWQjlBMkDgpRFIhaS1JcwWowa6BYlLTaVaYw3mfnVgydCN-fFFe0rws0vzLZm2yHUvE6w3cbEac:1o91fJ:PSvlXARf2tvhtbHqpJWshCAHzjstzqL44mT_3YhdB3M", "expire_date": "2022-07-20T09:49:49.846Z"}}, {"model": "sessions.session", "pk": "psk1ok5m7rd1qxblx8ccruxzu5oc7gsi", "fields": {"session_data": ".eJxVjMsKgzAURP8l6xLyqNq4LEgR-kLpOtzEe6utKBhdlf57tbhol3POzLyYhWms7RRwsE3FUibZ5pc58E_sFlE9oLv33PfdODSOLxW-2sBPfYXtfu3-HdQQ6nntFSReeVmR0BriaCccSaeUSBSQiVHOkARpRNIRGaPICA1owG2BEtLzaV7a4-WQn1k6DhN-c3m7ZsWtzAqWErQB3x_jYkPh:1o3f2v:HMUsSjG6J4uObW4woeYp-pmXPAybcAYWFCK5sJrYmj0", "expire_date": "2022-07-05T14:40:01.655Z"}}, {"model": "sessions.session", "pk": "uap3pb957ywi3owjx3l80j2vzbjrvp2z", "fields": {"session_data": ".eJxVjMsOgjAURP-la9P0IWBdmhBD4isQ1s1te6-gBhIeK-O_C8pCl3PmzDyZhXGo7NhjZ-vAtkyy1S9z4O_YzEW4QXNtuW-boasdnxW-tD0_tgEfu8X9O6igr6a1V5B45WUgoTXE0UY4kk4pkSggE6OcIAnSiKQjMkaRERrQgFsDJaSn06ywh_M-O7Ht0I34yUV5SfOySPMve70BoCJDlg:1o8uHN:jmUtI2O1BUBBscs54qguwoAJKZbAlo5a5oEqMU-uE04", "expire_date": "2022-07-20T01:56:37.099Z"}}, {"model": "sessions.session", "pk": "ufdkb97famzgcuec9t4esyk2nrw53cix", "fields": {"session_data": ".eJxVjMsKgzAURP8l6xLyqNq4LEgR-kLpOtzEe6utKBhdlf57tbhol3POzLyYhWms7RRwsE3FUibZ5pc58E_sFlE9oLv33PfdODSOLxW-2sBPfYXtfu3-HdQQ6nntFSReeVmR0BriaCccSaeUSBSQiVHOkARpRNIRGaPICA1owG2BEtLzaV7a4-WQn1k6DhN-c3m7ZsWtzAqWErQB3x_jYkPh:1o4MBt:P3_ZkUmwb6xqiWftkTsfXKyofOgR08--oYdjfDh-INQ", "expire_date": "2022-07-07T12:44:09.822Z"}}, {"model": "sessions.session", "pk": "xjsmqj3789546g7w9bjrfk4nzqivewvy", "fields": {"session_data": ".eJxVjMsKgzAURP8l6xLyqNq4LEgR-kLpOtzEe6utKBhdlf57tbhol3POzLyYhWms7RRwsE3FUibZ5pc58E_sFlE9oLv33PfdODSOLxW-2sBPfYXtfu3-HdQQ6nntFSReeVmR0BriaCccSaeUSBSQiVHOkARpRNIRGaPICA1owG2BEtLzaV7a4-WQn1k6DhN-c3m7ZsWtzAqWErQB3x_jYkPh:1o4M60:o8DT3RbAA5p8yvF2T2yzet1HHpTg0YEsnGgwNbotEr8", "expire_date": "2022-07-07T12:38:04.742Z"}}, {"model": "users.user", "pk": 1, "fields": {"password": "pbkdf2_sha256$260000$LmheZHRZRAduM1uz8lWxHL$VBp0XQ3KkTkUnXOwLLgUWUyOD1tqja1K+agf/LU3Yfs=", "last_login": "2022-07-06T11:48:27.103Z", "is_superuser": true, "email": "test@qq.com", "name": "张献龙", "sex": 0, "people_type": 0, "contact": "11", "office_site": "作重C402", "info_detail": "[{\"tagName\":\"dsadas\",\"vHtml\":\"<p>11</p>\"}]", "jobTitle": "教授", "teacher": -1, "recruit": null, "is_active": true, "groups": [], "user_permissions": []}}, {"model": "users.user", "pk": 6, "fields": {"password": "pbkdf2_sha256$260000$8G3kg9nbmT47agaSECMV2J$X/zpvt+Tqbor120M78oC5BrVBu20JyM3+bUh9rv2DCI=", "last_login": "2022-07-06T02:13:03.779Z", "is_superuser": false, "email": "test2@qq.com", "name": "朱龙付", "sex": 0, "people_type": 0, "contact": "达到", "office_site": "作重C404", "info_detail": "[{\"tagName\":\"基本信息\",\"vHtml\":\"<p><br></p>\"}]", "jobTitle": "教授", "teacher": -1, "recruit": null, "is_active": true, "groups": [], "user_permissions": []}}, {"model": "users.user", "pk": 7, "fields": {"password": "pbkdf2_sha256$260000$BsVl1AvcGEjiZ7zoYtS99e$pK1DZ9U/HwtcO+SGJcbREzWZ3giQQqQujdwfHo92G24=", "last_login": "2022-07-06T03:24:19.864Z", "is_superuser": false, "email": "test3@qq.com", "name": "林忠旭", "sex": 0, "people_type": 0, "contact": "3", "office_site": "1", "info_detail": "[{\"tagName\":\"基本信息\",\"vHtml\":\"<p><br></p>\"}]", "jobTitle": "教授", "teacher": 0, "recruit": "博导", "is_active": true, "groups": [], "user_permissions": []}}, {"model": "users.user", "pk": 8, "fields": {"password": "pbkdf2_sha256$260000$vbuBSHkFtjQ2kku1uY4Nc8$iWuG6fdHZ/uq43xbUIE5uz33JwCabH3zCgdT15NF0E4=", "last_login": "2022-07-06T07:16:45.045Z", "is_superuser": false, "email": "test4@qq.com", "name": "金双侠", "sex": 0, "people_type": 0, "contact": "12123", "office_site": "作重", "info_detail": "[{\"tagName\":\"基本信息\",\"vHtml\":\"<p></p>\"}]", "jobTitle": "教授", "teacher": -1, "recruit": "博导", "is_active": true, "groups": [], "user_permissions": []}}, {"model": "users.user", "pk": 9, "fields": {"password": "pbkdf2_sha256$260000$mYyYbF1jXaqKuHRAiA2INv$oksKNjGnZQu5ZB3QbbAUwqkI7RZwOk67vrKflo9eKvU=", "last_login": "2022-07-06T07:20:03.117Z", "is_superuser": false, "email": "test5@qq.com", "name": "郭小平", "sex": 0, "people_type": 0, "contact": "1", "office_site": "1", "info_detail": "[{\"tagName\":\"基本信息\",\"vHtml\":\"<p></p>\"}]", "jobTitle": "教授", "teacher": -1, "recruit": "博导", "is_active": true, "groups": [], "user_permissions": []}}, {"model": "users.user", "pk": 10, "fields": {"password": "pbkdf2_sha256$260000$BJXKhuazcTNop1NDHW5nox$3+nB8NlQ8TWpCIkrUxomXgRQMQyTZSgPK1KhTL9/4xw=", "last_login": "2022-07-06T07:21:01.438Z", "is_superuser": false, "email": "test6@qq.com", "name": "涂礼莉", "sex": 1, "people_type": 0, "contact": "123", "office_site": "12", "info_detail": "[{\"tagName\":\"基本信息\",\"vHtml\":\"<p></p>\"}]", "jobTitle": "教授", "teacher": -1, "recruit": "博导", "is_active": true, "groups": [], "user_permissions": []}}, {"model": "users.user", "pk": 11, "fields": {"password": "pbkdf2_sha256$260000$d1VLBh0w9UxseuFab3NskS$vIDiqotPImd++0V/PwEnN3VBgcgPCOVGVO/mWQl2AWQ=", "last_login": "2022-07-06T07:25:25.284Z", "is_superuser": false, "email": "test7@qq.com", "name": "杨细燕", "sex": 1, "people_type": 0, "contact": "2", "office_site": "的", "info_detail": "[{\"tagName\":\"基本信息\",\"vHtml\":\"<p></p>\"}]", "jobTitle": "教授", "teacher": -1, "recruit": "博导", "is_active": true, "groups": [], "user_permissions": []}}, {"model": "users.user", "pk": 12, "fields": {"password": "pbkdf2_sha256$260000$p8cF7mF4v6cj5cHuzXWEHo$AYRRRo93iUwjoMXl44rjoHT8kDusLiIUGHIzN8tupk8=", "last_login": "2022-07-06T07:26:19.120Z", "is_superuser": false, "email": "test8@qq.com", "name": "王茂军", "sex": 0, "people_type": 0, "contact": "23我", "office_site": "打算", "info_detail": "[{\"tagName\":\"基本信息\",\"vHtml\":\"<p></p>\"}]", "jobTitle": "教授", "teacher": -1, "recruit": "博导", "is_active": true, "groups": [], "user_permissions": []}}, {"model": "users.user", "pk": 13, "fields": {"password": "pbkdf2_sha256$260000$0qshMSFLF5Z3J08oJjP5yQ$oDKAeWnDy/EvilgYEUtMvbqnZzrLwJqfIzAf8eZiIQY=", "last_login": "2022-07-06T07:27:29.961Z", "is_superuser": false, "email": "test9@qq.com", "name": "袁道军", "sex": 0, "people_type": 0, "contact": "21", "office_site": "1", "info_detail": "[{\"tagName\":\"基本信息\",\"vHtml\":\"<p></p>\"}]", "jobTitle": "副教授", "teacher": -1, "recruit": "硕导", "is_active": true, "groups": [], "user_permissions": []}}, {"model": "users.user", "pk": 14, "fields": {"password": "pbkdf2_sha256$260000$vmt74X4elW9ayEwWl3VxPc$ac9Vx88PftJFa4ez4wNMjenmQAcIUK53QH0HOgwhFwA=", "last_login": "2022-07-06T07:28:45.080Z", "is_superuser": false, "email": "test10@qq.com", "name": "闵玲", "sex": 1, "people_type": 0, "contact": "萨达", "office_site": "做1", "info_detail": "[{\"tagName\":\"基本信息\",\"vHtml\":\"<p></p>\"}]", "jobTitle": "副教授", "teacher": -1, "recruit": "硕导", "is_active": true, "groups": [], "user_permissions": []}}, {"model": "users.user", "pk": 15, "fields": {"password": "pbkdf2_sha256$260000$TU4HOL4dhFo8TvdJvZJT50$eh+9TqH8rbOGK93X/KF83gG3iGfcgBGiEohL16pms/0=", "last_login": "2022-07-06T07:30:51.803Z", "is_superuser": false, "email": "test11@qq.com", "name": "李健英", "sex": 0, "people_type": 1, "contact": "打算", "office_site": "", "info_detail": "[{\"tagName\":\"基本信息\",\"vHtml\":\"<p></p>\"}]", "jobTitle": "", "teacher": 0, "recruit": null, "is_active": true, "groups": [], "user_permissions": []}}, {"model": "users.user", "pk": 16, "fields": {"password": "pbkdf2_sha256$260000$18k8I6zqsycUE9pKq89cSo$dKq7bL2RutgaV5YReZBHZ4CcX0dMGgZAjEKgQNErz1o=", "last_login": "2022-07-06T07:34:51.986Z", "is_superuser": false, "email": "test12@qq.com", "name": "王鹏程", "sex": 0, "people_type": 1, "contact": "1", "office_site": "", "info_detail": "[{\"tagName\":\"基本信息\",\"vHtml\":\"<p></p>\"}]", "jobTitle": "", "teacher": 3, "recruit": null, "is_active": true, "groups": [], "user_permissions": []}}, {"model": "users.user", "pk": 17, "fields": {"password": "pbkdf2_sha256$260000$OtrJQxjIaYXD3biElouUzZ$iZEiDVW6+qRAGULEo+IGRuWggL7OMB+bO2RuoMFlYFc=", "last_login": "2022-07-06T07:36:55.267Z", "is_superuser": false, "email": "test13@qq.com", "name": "裴柳玲", "sex": 1, "people_type": 2, "contact": "的", "office_site": "", "info_detail": "[{\"tagName\":\"基本信息\",\"vHtml\":\"<p></p>\"}]", "jobTitle": "", "teacher": 1, "recruit": null, "is_active": true, "groups": [], "user_permissions": []}}, {"model": "users.user", "pk": 18, "fields": {"password": "pbkdf2_sha256$260000$b2WIpQZTvAvBZ9vcK4aXIB$5MbXwUWh+zsAUJy5eGuckQZ/RnZRrUEXg7RZJQR6aCk=", "last_login": "2022-07-06T07:37:57.698Z", "is_superuser": false, "email": "test14@qq.com", "name": "乔露", "sex": 1, "people_type": 2, "contact": "1", "office_site": "", "info_detail": "[{\"tagName\":\"基本信息\",\"vHtml\":\"<p></p>\"}]", "jobTitle": "", "teacher": 3, "recruit": null, "is_active": true, "groups": [], "user_permissions": []}}, {"model": "users.user", "pk": 19, "fields": {"password": "pbkdf2_sha256$260000$HxvSJJ6JUgSFmd7EwrTrcO$HpRTXsSEJrvgCx2mW31xdgeh2PC2bdmkGcNwURDfxHk=", "last_login": "2022-07-06T07:39:11.171Z", "is_superuser": false, "email": "test15@qq.com", "name": "汪念", "sex": 0, "people_type": 2, "contact": "1", "office_site": "", "info_detail": "[{\"tagName\":\"基本信息\",\"vHtml\":\"<p></p>\"}]", "jobTitle": "", "teacher": 2, "recruit": null, "is_active": true, "groups": [], "user_permissions": []}}, {"model": "users.user", "pk": 20, "fields": {"password": "pbkdf2_sha256$260000$fePJbRcQj0QW119FZXI2lJ$7bI/V7DBCC/7A/E3n0YVdXRbLdqPY6982xIXX1iuiOA=", "last_login": "2022-07-06T07:41:19.572Z", "is_superuser": false, "email": "test16@qq.com", "name": "刘昱杞", "sex": 0, "people_type": 3, "contact": "121", "office_site": "", "info_detail": "[{\"tagName\":\"基本信息\",\"vHtml\":\"<p></p>\"}]", "jobTitle": "", "teacher": 3, "recruit": null, "is_active": true, "groups": [], "user_permissions": []}}, {"model": "users.user", "pk": 21, "fields": {"password": "pbkdf2_sha256$260000$510MvuRmmyCyHCcmuqr6k5$6/BhLGA5vxapBAnxSnLCnnlmGwBhvFsTAk17HQ30sUg=", "last_login": "2022-07-06T09:47:42.246Z", "is_superuser": false, "email": "test17@qq.com", "name": "贺鑫", "sex": 0, "people_type": 3, "contact": "123", "office_site": "", "info_detail": "[{\"tagName\":\"基本信息\",\"vHtml\":\"<p></p>\"}]", "jobTitle": "", "teacher": 12, "recruit": null, "is_active": true, "groups": [], "user_permissions": []}}, {"model": "users.user", "pk": 22, "fields": {"password": "pbkdf2_sha256$260000$9n1SJypPKN0YVwIRv0dUlf$psvT5VvglW8GHtjZ88hHjtKHUt1gA2Qgx2OEcvHQSP4=", "last_login": "2022-07-06T07:57:01.816Z", "is_superuser": false, "email": "test20@qq.com", "name": "刘振平", "sex": 0, "people_type": 4, "contact": null, "office_site": null, "info_detail": "[{\"tagName\":\"基本信息\",\"vHtml\":\"<p></p>\"}]", "jobTitle": null, "teacher": null, "recruit": null, "is_active": true, "groups": [], "user_permissions": []}}, {"model": "users.userpicture", "pk": 8, "fields": {"user": 6, "img": 52, "pubshedDate": "2022-07-06T03:02:30.781Z"}}, {"model": "users.userpicture", "pk": 10, "fields": {"user": 1, "img": 54, "pubshedDate": "2022-07-06T03:07:17.149Z"}}, {"model": "users.userpicture", "pk": 11, "fields": {"user": 7, "img": 55, "pubshedDate": "2022-07-06T03:25:25.285Z"}}, {"model": "users.userpicture", "pk": 12, "fields": {"user": 8, "img": 56, "pubshedDate": "2022-07-06T07:17:53.089Z"}}, {"model": "users.userpicture", "pk": 13, "fields": {"user": 9, "img": 57, "pubshedDate": "2022-07-06T07:20:24.553Z"}}, {"model": "users.userpicture", "pk": 14, "fields": {"user": 10, "img": 58, "pubshedDate": "2022-07-06T07:23:01.653Z"}}, {"model": "users.userpicture", "pk": 15, "fields": {"user": 11, "img": 59, "pubshedDate": "2022-07-06T07:25:42.879Z"}}, {"model": "users.userpicture", "pk": 16, "fields": {"user": 12, "img": 60, "pubshedDate": "2022-07-06T07:27:03.617Z"}}, {"model": "users.userpicture", "pk": 17, "fields": {"user": 13, "img": 61, "pubshedDate": "2022-07-06T07:27:59.226Z"}}, {"model": "users.userpicture", "pk": 18, "fields": {"user": 14, "img": 62, "pubshedDate": "2022-07-06T07:29:16.458Z"}}, {"model": "users.userpicture", "pk": 19, "fields": {"user": 15, "img": 63, "pubshedDate": "2022-07-06T07:33:09.204Z"}}, {"model": "users.userpicture", "pk": 20, "fields": {"user": 16, "img": 64, "pubshedDate": "2022-07-06T07:35:12.209Z"}}, {"model": "users.userpicture", "pk": 21, "fields": {"user": 17, "img": 65, "pubshedDate": "2022-07-06T07:37:18.620Z"}}, {"model": "users.userpicture", "pk": 22, "fields": {"user": 18, "img": 66, "pubshedDate": "2022-07-06T07:38:13.801Z"}}, {"model": "users.userpicture", "pk": 23, "fields": {"user": 19, "img": 67, "pubshedDate": "2022-07-06T07:39:32.716Z"}}, {"model": "users.userpicture", "pk": 24, "fields": {"user": 20, "img": 68, "pubshedDate": "2022-07-06T07:41:36.629Z"}}, {"model": "users.userpicture", "pk": 25, "fields": {"user": 21, "img": 69, "pubshedDate": "2022-07-06T07:42:51.714Z"}}, {"model": "picture.customer_picture", "pk": 4, "fields": {"img_url": "2022/6/21/7540ab3f3682dea836c78e619924eda1.jpg", "alt": "picture.alt"}}, {"model": "picture.customer_picture", "pk": 5, "fields": {"img_url": "2022/6/21/87dd2c84e57d6d774eeb33e651df3caf.jpg", "alt": "picture.alt"}}, {"model": "picture.customer_picture", "pk": 6, "fields": {"img_url": "2022/6/21/e1a8a5c8e442f3681ba3d7a136369c9a.jpg", "alt": "picture.alt"}}, {"model": "picture.customer_picture", "pk": 7, "fields": {"img_url": "2022/6/21/cabcaaba27660f7e1afce54dbdb2126c.jpg", "alt": "picture.alt"}}, {"model": "picture.customer_picture", "pk": 8, "fields": {"img_url": "2022/6/21/e5593a25a3beea9a70772817fded3d44.jpg", "alt": "picture.alt"}}, {"model": "picture.customer_picture", "pk": 9, "fields": {"img_url": "2022/6/24/6311d42a393018820b55313f8598e547.jpg", "alt": "picture.alt"}}, {"model": "picture.customer_picture", "pk": 10, "fields": {"img_url": "2022/6/24/50c3617f2ef1bb3f37cc557992d51406.jpg", "alt": "picture.alt"}}, {"model": "picture.customer_picture", "pk": 11, "fields": {"img_url": "2022/6/24/3875cd384d52f606d0ae620ea9ec71f5.jpg", "alt": "picture.alt"}}, {"model": "picture.customer_picture", "pk": 12, "fields": {"img_url": "2022/6/24/9f5e7a65f3e23a086c61eef1177e895a.jpg", "alt": "picture.alt"}}, {"model": "picture.customer_picture", "pk": 13, "fields": {"img_url": "2022/6/24/105529817f72b2448335161ddbbc21c0.jpg", "alt": "picture.alt"}}, {"model": "picture.customer_picture", "pk": 14, "fields": {"img_url": "2022/6/24/79eddfa2952f53bc3364ec8975623700.jpg", "alt": "picture.alt"}}, {"model": "picture.customer_picture", "pk": 15, "fields": {"img_url": "2022/6/24/2ea6deca51345efff0f7048c57356b94.jpg", "alt": "picture.alt"}}, {"model": "picture.customer_picture", "pk": 16, "fields": {"img_url": "2022/6/24/db5552c75aa84f7c8fae3859af5e6d35.jpg", "alt": "picture.alt"}}, {"model": "picture.customer_picture", "pk": 18, "fields": {"img_url": "2022/6/24/9c7a6eaf979c34a4d48accaeeb86560d.jpg", "alt": "picture.alt"}}, {"model": "picture.customer_picture", "pk": 19, "fields": {"img_url": "2022/6/24/8c31b2ed026111812c2038fa71141495.jpg", "alt": "picture.alt"}}, {"model": "picture.customer_picture", "pk": 24, "fields": {"img_url": "2022/6/24/b25eafc9983607b2e4f126da153f725f.jpg", "alt": "picture.alt"}}, {"model": "picture.customer_picture", "pk": 28, "fields": {"img_url": "2022/6/24/62e129e0d5f8fc2c7f3fdada65072646.jpg", "alt": "avatar"}}, {"model": "picture.customer_picture", "pk": 29, "fields": {"img_url": "2022/6/24/0c723f259e9e6b9d939fc3c6831f316a.jpg", "alt": "avatar"}}, {"model": "picture.customer_picture", "pk": 32, "fields": {"img_url": "2022/6/24/f6a1cadf0014161f8c0dd74be8c42ee0.jpg", "alt": "avatar"}}, {"model": "picture.customer_picture", "pk": 33, "fields": {"img_url": "2022/6/24/8ec161e9cfd11c61a1a524f7c587f7b9.jpg", "alt": "avatar"}}, {"model": "picture.customer_picture", "pk": 36, "fields": {"img_url": "2022/6/25/9c1b6787afde94d2fafff003bd8a4a55.jpg", "alt": "avatar"}}, {"model": "picture.customer_picture", "pk": 42, "fields": {"img_url": "2022/6/25/b0b5844805921e1233d6b9a5dc9cbead.jpg", "alt": "avatar"}}, {"model": "picture.customer_picture", "pk": 43, "fields": {"img_url": "2022/6/25/2c057029db22bdbd91173ead3955f94c.jpg", "alt": "avatar"}}, {"model": "picture.customer_picture", "pk": 47, "fields": {"img_url": "2022/6/28/65f94ecea5f874eaa4cb97077e42f15d.jpg", "alt": "avatar"}}, {"model": "picture.customer_picture", "pk": 48, "fields": {"img_url": "2022/6/28/30c3d75a01572966f2b75ceadbd1f140.jpg", "alt": "avatar"}}, {"model": "picture.customer_picture", "pk": 50, "fields": {"img_url": "2022/7/6/918d7077aa02c2fe621908c14318df5b.jpg", "alt": "avatar"}}, {"model": "picture.customer_picture", "pk": 51, "fields": {"img_url": "2022/7/6/7e2bc8a76402d7dd02c0bcf798338776.jpg", "alt": "avatar"}}, {"model": "picture.customer_picture", "pk": 52, "fields": {"img_url": "2022/7/6/da56a6f2f50bf9a7ae92adface8b1049.jpg", "alt": "avatar"}}, {"model": "picture.customer_picture", "pk": 54, "fields": {"img_url": "2022/7/6/942b0097377808d9fd6b3aee7359522c.png", "alt": "avatar"}}, {"model": "picture.customer_picture", "pk": 55, "fields": {"img_url": "2022/7/6/5cf068a26d44aa11724a46801c36b149.jpg", "alt": "avatar"}}, {"model": "picture.customer_picture", "pk": 56, "fields": {"img_url": "2022/7/6/214003f4104ceab28a1018c818ba7b4f.png", "alt": "avatar"}}, {"model": "picture.customer_picture", "pk": 57, "fields": {"img_url": "2022/7/6/28de0c2e4319233a57131cea87e6bcec.png", "alt": "avatar"}}, {"model": "picture.customer_picture", "pk": 58, "fields": {"img_url": "2022/7/6/cd57fb68d8d8f0243669e283da8d7942.png", "alt": "avatar"}}, {"model": "picture.customer_picture", "pk": 59, "fields": {"img_url": "2022/7/6/f88dc0aacb893e19d6d0fc563064e698.jpg", "alt": "avatar"}}, {"model": "picture.customer_picture", "pk": 60, "fields": {"img_url": "2022/7/6/b96f35de14155d36391b2e933fd14d62.jpg", "alt": "avatar"}}, {"model": "picture.customer_picture", "pk": 61, "fields": {"img_url": "2022/7/6/4cdbea312f9d6e2caff7e884f7b22c16.jpg", "alt": "avatar"}}, {"model": "picture.customer_picture", "pk": 62, "fields": {"img_url": "2022/7/6/f70862c8ad8f6da9673118dd9c94d370.png", "alt": "avatar"}}, {"model": "picture.customer_picture", "pk": 63, "fields": {"img_url": "2022/7/6/96551b8115b0424688fb316a1acf8a69.jpg", "alt": "avatar"}}, {"model": "picture.customer_picture", "pk": 64, "fields": {"img_url": "2022/7/6/1d8207d2041d1896259bdab721da90d6.jpg", "alt": "avatar"}}, {"model": "picture.customer_picture", "pk": 65, "fields": {"img_url": "2022/7/6/371ff6b1732138b27e21f6a04132df27.jpg", "alt": "avatar"}}, {"model": "picture.customer_picture", "pk": 66, "fields": {"img_url": "2022/7/6/31529059c0e6992945c9de11c43f632b.jpg", "alt": "avatar"}}, {"model": "picture.customer_picture", "pk": 67, "fields": {"img_url": "2022/7/6/ea9be2b8c5e79e8161f1e862e5645b5e.png", "alt": "avatar"}}, {"model": "picture.customer_picture", "pk": 68, "fields": {"img_url": "2022/7/6/c12df9f659149d1c91a00401878594d7.jpg", "alt": "avatar"}}, {"model": "picture.customer_picture", "pk": 69, "fields": {"img_url": "2022/7/6/96d92bd1e0ea088a954a83a4df2eae90.jpg", "alt": "avatar"}}, {"model": "picture.customer_picture", "pk": 70, "fields": {"img_url": "2022/7/6/06a794c417546e993d9846238bf39a6d.jpg", "alt": "picture.alt"}}, {"model": "picture.customer_picture", "pk": 71, "fields": {"img_url": "2022/7/6/ec67cee8001ee5772e9e2364b99bb5e6.jpg", "alt": "picture.alt"}}, {"model": "picture.customer_picture", "pk": 72, "fields": {"img_url": "2022/7/6/5ea39a0f1ee9eb2e47fea42259b87dc9.jpeg", "alt": "avatar"}}, {"model": "news.news", "pk": 11, "fields": {"title": "清华大学开展“实现伟大复兴，从我做起，从现在做起”毕业生师生联合主题党日", "description": "清华新闻网6月22日电 6月14日至17日，清华大学开展“实现伟大复兴，从我做起，从现在做起”毕业生师生联合集中主题党日。校领导邱勇、王希勤、王光谦、杨斌、李一兵、过勇、郑力、向波涛、彭刚、曾嵘，校务委员会副主任史宗恺、关心下一代工作委员会主任韩景阳通过线上线下的方式参与主题党日，勉励全体毕业生践行“实现伟大复兴，从我做起，从现在做起”的青春誓言，到党和人民需要的地方努力发光发热。全校40个院系和单位的136个师生党支部参加此次活动。", "vhtml": "<p style=\"text-indent: 2em; text-align: center; line-height: 1.75em;\"><img src=\"https://www.tsinghua.edu.cn/__local/7/10/3C/AEC388D561E7AD82F36E1FCAC73_76604BE2_15B68C.png\" alt=\"\" data-href=\"\" style=\"width: 50%;\"></p><p style=\"text-indent: 2em; text-align: justify; line-height: 1.75em;\"><span style=\"font-size: 19px;\">党办校办党支部全体与化工系毕业研究生代表共同学习了习近平总书记关于教育工作的重要论述及对清华大学的重要指示批示精神，就如何传承弘扬清华传统、坚定人生与事业选择、努力践行“实现伟大复兴，从我做起，从现在做起”等话题展开了热烈讨论。</span></p><p style=\"text-indent: 2em; text-align: justify; line-height: 1.75em;\"><span style=\"font-size: 19px;\">校党委书记邱勇代表学校向全体毕业生同学顺利毕业、迈上人生新的征程表示祝贺并寄予厚望。邱勇指出，“从我做起，从现在做起”是1979年化工系同学们喊出的响亮口号，展现了清华学子为实现四个现代化而不懈奋斗的青春豪情。新的时代赋予新的使命，新的使命呼唤新的担当。希望同学们牢记党的嘱托，坚定理想信念，传承“自强不息、厚德载物”的校训与“行胜于言”的校风，以强烈的责任感、使命感和紧迫感，从我做起，从现在做起，积极投身到党和人民需要的地方努力发光发热，作出无愧于党、无愧于人民、无愧于时代的贡献。</span></p><p style=\"text-indent: 2em; text-align: center; line-height: 1.75em;\"><img src=\"https://www.tsinghua.edu.cn/__local/F/B5/E9/EBB6B907858C61E699B81DE0A78_05AF5E0D_90901.png\" alt=\"\" data-href=\"\" style=\"width: 50%;\"></p><p style=\"text-indent: 2em; text-align: center; line-height: 1.75em;\"><img src=\"https://www.tsinghua.edu.cn/__local/E/0F/10/A3AB42CB9DD24FB0B840670F3B9_A260C904_12DF9F.png\" alt=\"\" data-href=\"\" style=\"width: 50%;\"></p><p style=\"text-indent: 2em; text-align: justify; line-height: 1.75em;\"><span style=\"font-size: 19px;\">核研院601室教工党支部与核博17党支部，核硕191、21党支部以“从我做起，从现在做起，到党和人民需要的地方努力发光发热”为主题开展师生联合主题党日。活动通过重温601研究室在核废物处理领域长期坚守的发展历程，学习优秀校友在重点行业的奋斗经历及200号精神，引导核研院毕业生、新生将自身的职业选择融入国家重大战略需求之中。</span></p><p style=\"text-indent: 2em; text-align: justify; line-height: 1.75em;\"><span style=\"font-size: 19px;\">校长王希勤在讲话中解读了“实现伟大复兴，从我做起，从现在做起”的丰富内涵。他指出，实现中华民族伟大复兴始终是清华人的自觉追求，“从我做起”就是清华人把责任和使命放在第一位，在面临选择时勇于担当，与广大人民群众团结协作，共同形成推动历史前进的磅礴力量；“从现在做起”体现了清华人的实干作风，就是清华人要坚守“行胜于言”的传统，脚踏实地，开创未来。王希勤向所有毕业生表示祝福，勉励同学们继承清华光荣传统，努力为实现中华民族伟大复兴贡献青年力量。</span></p><p style=\"text-indent: 2em; text-align: center; line-height: 1.75em;\"><img src=\"https://www.tsinghua.edu.cn/__local/1/56/6D/EBFECAB4F1424AAB3101FCF9200_3F3270C1_81BDD.png\" alt=\"\" data-href=\"\" style=\"width: 50%;\"></p><p style=\"text-indent: 2em; text-align: left; line-height: 1.75em;\"><span style=\"color: rgb(0, 0, 0); font-size: 19px; font-family: SourceSansPro-Regular, 微软雅黑;\">土水学院河流所党支部与水8第一、第二、第三党支部联合开展以“2012-2022，我们这十年”为主题的师生联合主题党日，回顾了中国共产党成立以来带领中华民族取得的伟大成就，深刻领会到即将召开的党的二十大的重大意义，并聚焦近十年来水利行业的发展与创新，展望新时代水利人的新征程。副校长王光谦表示，在百年未有之大变局中，我们要坚定“四个自信”，提高自主创新能力。水利人在水资源调配利用、黄河悬河问题、生态文明等国家战略需求中还有大量创新工作要做，在水圈科学、碳中和等领域上也大有可为，同学们要在投身水利事业的过程中充分展现清华水利人的责任与担当。</span></p><p style=\"text-indent: 2em; text-align: center; line-height: 1.75em;\"><img src=\"https://www.tsinghua.edu.cn/__local/A/1E/07/FAE6777CC36093228949AEF5360_0216ED88_8F6DD.png\" alt=\"精仪系师生联合主题党日\" data-href=\"\" style=\"width: 50%;\"></p><p style=\"text-indent: 2em; text-align: left; line-height: 1.75em;\"><span style=\"color: rgb(0, 0, 0); font-size: 19px; font-family: SourceSansPro-Regular, 微软雅黑;\">社科学院国际关系学系党支部与社科硕191、192党支部，社科博171、172、181党支部共同开展“初心传承·我们的时代印记”师生联合主题党日。活动邀请了老中青三代教师党员分享了从上世纪70年代到今天的清华园故事，师生们以小组形式围绕“实现伟大复兴，从我做起，从现在做起”“百年接力，强国有我”和“经师与人师的统一”三个议题展开热烈讨论。副校长杨斌表示，社科学院的学科发展是改革开放后清华众多文科复建成长的一个缩影，要向清华一代代教师的接续努力致敬。与同学们交流了各自的毕业去向后，杨斌为大家加油鼓劲，祝福毕业生在未来实现一番“从我做起，从现在做起”的大事业，勉励同学们保持韧性、正视人生起伏，以清华人的担当与责任意识勇敢迎接未来的挑战。</span></p><p style=\"text-indent: 2em; text-align: right; line-height: 1.75em;\"><span style=\"font-size: 19px;\">供稿：研工部</span></p><p style=\"text-indent: 2em; text-align: right; line-height: 1.75em;\"><span style=\"font-size: 19px;\">编辑：陈晓艳&nbsp;李华山</span></p><p style=\"text-indent: 2em; text-align: right; line-height: 1.75em;\"><span style=\"font-size: 19px;\">审核：吕婷&nbsp;郭莉莉</span></p>", "date": "2022-06-29", "latest": true, "is_check": true}}, {"model": "news.news", "pk": 12, "fields": {"title": "大使馆发送到刚东方闪电撒国风大赏", "description": "太区意次或矿即工治格第一则化照效示教确他增引家住资识消么国七也口斗许见精每必队米九住用越律条内经长阶安些真转增别近是低何志群任马已离化更命看千织因且这江间然此边须计务志界素么国代是油流然能外政外天发都风青准目则法此大目了光用上很快点么常位张局状克低红切命点质南圆设大维对县后月美通例干头上事点际由中段属之活以音眼律毛何必候办指按解不自和想住总正又八见反团决文军题构式她东张保般包府身局记究员平感式自则", "vhtml": "<p><br></p>", "date": "2022-05-31", "latest": true, "is_check": true}}, {"model": "news.news", "pk": 14, "fields": {"title": "当范德萨高覆盖度分化和受到负害的还", "description": "下述第阿斯顿hi撒哈佛ID时候更ID哈撒给", "vhtml": "<p><br></p>", "date": "2022-06-08", "latest": true, "is_check": true}}, {"model": "news.news", "pk": 15, "fields": {"title": "打算复读三国杀个", "description": "太区意次或矿即工治格第一则化照效示教确他增引家住资识消", "vhtml": "<p>打发大水国风大赏估算大</p>", "date": "2022-06-07", "latest": false, "is_check": true}}, {"model": "news.news", "pk": 16, "fields": {"title": "", "description": "哈哈哈哈hhhhdasdasd", "vhtml": "<p><br></p>", "date": "2022-06-16", "latest": false, "is_check": true}}, {"model": "news.newpicture", "pk": 10, "fields": {"news": 12, "img": 28, "pubshedDate": "2022-06-24T07:12:45.897Z"}}, {"model": "news.newpicture", "pk": 14, "fields": {"news": 16, "img": 32, "pubshedDate": "2022-06-24T07:17:26.784Z"}}, {"model": "news.newpicture", "pk": 31, "fields": {"news": 14, "img": 42, "pubshedDate": "2022-06-25T03:41:00.174Z"}}, {"model": "news.newpicture", "pk": 32, "fields": {"news": 15, "img": 43, "pubshedDate": "2022-06-25T07:56:44.573Z"}}, {"model": "news.newpicture", "pk": 35, "fields": {"news": 11, "img": 72, "pubshedDate": "2022-07-06T12:44:54.575Z"}}, {"model": "publication.publication", "pk": 4, "fields": {"title": "红红火火恍恍惚惚或或或或或或或1", "date": "2022-06-24", "author": "Yanlong Li#, Yaoyao Li#, Qian Su, Yuanlong Wu, Rui Zhang, Yawei Li, Yizan Ma, Huanhuan Ma, Xiaoping Guo, Longfu Zhu, Ling Min* and Xianlong Zhang.", "periodical": "Plant Physiology", "doi": "https://academic.oup.com/plphys/advance-article/doi/10.1093/plphys/kiac213/6581721"}}, {"model": "publication.publication", "pk": 5, "fields": {"title": "aazxcccc111达到", "date": "2019-01-01", "author": "fdsfdsaf", "periodical": "dsgfsag", "doi": "asdgasd"}}, {"model": "publication.publication", "pk": 6, "fields": {"title": "dijsaipjfadsjifjisd", "date": "2022-02-01", "author": "dassfdsfdsa", "periodical": "fdasfdsaf", "doi": "dasdsfadsfdas"}}, {"model": "publication.publication", "pk": 7, "fields": {"title": "dijsaipjfadsjifjisd123", "date": "2022-02-01", "author": "dassfdsfdsa", "periodical": "fdasfdsaf", "doi": "dasdsfadsfdas"}}, {"model": "research.research", "pk": 3, "fields": {"title": "近日大师傅大萨达上广泛", "description": "阿斯蒂芬打发顺丰", "date": "2022-06-07", "is_check": true}}, {"model": "research.research", "pk": 4, "fields": {"title": "大萨达施工费第三步顾不得神高达USBVG局为艾斯比上工具包都的撒法施工方搜嘎", "description": "大叔大婶浮点数", "date": "2022-06-08", "is_check": true}}, {"model": "research.research_picture", "pk": 3, "fields": {"research": 3, "img": 47, "pubshedDate": "2022-06-28T08:39:34.543Z"}}, {"model": "research.research_picture", "pk": 4, "fields": {"research": 4, "img": 48, "pubshedDate": "2022-06-28T08:54:15.153Z"}}]